﻿Name,Description,NELat,NELong,SWLAt,SWLong,ZL
uk_1_east_midlands_september_2021_ZL16.mbtiles,East Mids September 2021 ZL16,53.672295,-2.149918,51.948694,0.419864,16
uk_2_east_september_2021_ZL16.mbtiles,East September 2021 ZL16,53.02039,-0.76966,50.88762,1.83148,16
uk_3_london_september_2021_ZL17.mbtiles,London September 2021 ZL17,51.88599,-0.82054,51.13646,0.47585,17
uk_4_south_east_september_2021_ZL16.mbtiles,South East September 2021 ZL16,52.34659,-2.09544,50.5391,1.46413,16
uk_5_south_west_september_2021_ZL16.mbtiles,South West September 2021 ZL16,52.16164,-6.53869,49.81182,-1.43626,16
uk_6_wales_september_2021_ZL16.mbtiles,Wales September 2021 ZL16,53.55211,-5.50048,51.27091,-2.54912,16
uk_7_west_midlands_september_2021_ZL16.mbtiles,West  Mids September 2021 ZL16,53.27761,-13.30168,51.78407,-1.12089,16
uk_8_north_west_september_2021_ZL16.mbtiles,North West September 2021 ZL16,55.24084,-3.71916,52.91478,-1.90092,16
uk_9_yorkshire_humber_september_2021_ZL16.mbtiles,Yorkshire Humber September 2021 ZL16,54.60792,-2.64799,53.2398,0.20845,16
uk_10_north_east_september_2021_ZL16.mbtiles,North East September 2021 ZL16,55.86381,-0.65947,54.41019,-2.76884,16
uk_11_scotland_september_2021_ZL16.mbtiles,Scotland September 2021 ZL16,59.46257,-7.83203,54.57039,-1.65922,16
uk_12_ni_september_2021_ZL16.mbtiles,NI September 2021 ZL16,55.47099,-8.35429,53.99895,-5.33854,16